[
  {
    "template_name": "E Student Management - Application",
    "header": "SATSTU",
    "cli_associated": ["SATSTU", "SVHOS", "SVHOSL", "SVHSTL", "SVSHOS", "SANTHV"],
    "content": "Dear Parent, your child's application has been successfully submitted. We will get back to you once we complete the review process. - Admissions Coordinator, Santhosha Vidhyalaya"
  },
  {
    "template_name": "E Fee Management - donation from Sponsor",
    "header": "SATSTU",
    "cli_associated": ["SATSTU", "SVHOS", "SVHOSL", "SVHSTL", "SVSHOS", "SANTHV"],
    "content": "Dear Sponsor, thank you for your generous contribution. Your receipt has been sent to your registered email or it will be sent shortly - Santhosha Vidhyalaya"
  },
  {
    "template_name": "E Hostel Admission - application by parent",
    "header": "SVSHOS",
    "cli_associated": ["SVSHOS", "SANTHV", "SATSTU", "SVHOS", "SVHOSL", "SVHSTL"],
    "content": "Dear Parent, we have received your hostel admission application . Our team will review it and get back to you shortly. – Santhosha Vidhyalaya"
  },
  {
    "template_name": "E Hostel Admission - update Status of hostel application",
    "header": "SVHOS",
    "cli_associated": ["SVHOS", "SVHOSL", "SVHSTL", "SVSHOS", "SANTHV", "SATSTU"],
    "content": "Dear Parent, Your child’s hostel admission has been confirmed. Further details will be shared shortly. – Santhosha Vidhyalaya"
  },
  {
    "template_name": "E Student Management - Mark list",
    "header": "SATSTU",
    "cli_associated": ["SATSTU", "SVHOS", "SVHOSL", "SVHSTL", "SVSHOS", "SANTHV"],
    "content": "Dear Parent, your child's mark list has been updated. Please log in to the app or website to view the latest academic results. – Santhosha Vidhyalaya"
  },
  {
    "template_name": "E Student Management - Healthcare",
    "header": "SATSTU",
    "cli_associated": ["SATSTU", "SVHOS", "SVHOSL", "SVHSTL", "SVSHOS", "SANTHV"],
    "content": "Dear Parent, Your child is unwell and is under our utmost care. For updates, please contact the Warden or Hostel Health Care Worker. - Santhosha Vidhyalya"
  },
  {
    "template_name": "Student Management - Write To school",
    "header": "SANTHV",
    "cli_associated": ["SANTHV", "SATSTU", "SVHOS", "SVHOSL", "SVHSTL", "SVSHOS"],
    "content": "Dear Parent, We have received your message and responded accordingly. The matter is now resolved and the case has been closed. Thank you for reaching out. - Principal, Santhosha Vidhyalaya"
  },
  {
    "template_name": "E Arrival and departure confirmation form",
    "header": "SATSTU",
    "cli_associated": ["SATSTU", "SVHOS", "SVHOSL", "SVHSTL", "SVSHOS", "SANTHV"],
    "content": "Dear Parent, Please do share your arrival / departure information using the link {#var#} – Santhosha Vidhyalaya"
  },
  {
    "template_name": "E Hostel Admissions Open",
    "header": "SATSTU",
    "cli_associated": ["SATSTU", "SVHOS", "SVHOSL", "SVHSTL", "SVSHOS", "SANTHV"],
    "content": "Hostel Admissions is now open. Apply using the link: {#var#}– Santhosha Vidhyalaya"
  },
  {
    "template_name": "E Notice Board",
    "header": "SATSTU",
    "cli_associated": ["SATSTU", "SVHOS", "SVHOSL", "SVHSTL", "SVSHOS", "SANTHV"],
    "content": "Please check the website for details posted on the Notice board. – Santhosha Vidhyalaya"
  },
  {
    "template_name": "E Notice Board",
    "header": "SATSTU",
    "cli_associated": ["SATSTU", "SVHOS", "SVHOSL", "SVHSTL", "SVSHOS", "SANTHV"],
    "content": "Please check the app or website for details posted on the Notice board. – Santhosha Vidhyalaya"
  },
  {
    "template_name": "E Announcements",
    "header": "SATSTU",
    "cli_associated": ["SATSTU", "SVHOS", "SVHOSL", "SVHSTL", "SVSHOS", "SANTHV"],
    "content": "New Announcement: {#var#}. Please check the website for full details at this link {#var#} – Santhosha Vidhyalaya"
  }
]
